﻿{"cameraMode":{"drawMode":0,"name":"Shaded","section":"Shading Mode"},"sceneLighting":true,"audioPlay":false,"sceneViewState":{"m_AlwaysRefresh":false,"showFog":true,"showSkybox":true,"showFlares":true,"showImageEffects":true,"showParticleSystems":true,"showVisualEffectGraphs":true,"m_FxEnabled":true},"in2DMode":false,"pivot":{"x":-2.1628904342651369,"y":1.7942304611206055,"z":-5.090028762817383},"rotation":{"x":-0.0009749566088430584,"y":0.9971981048583984,"z":-0.07373678684234619,"w":-0.013163339346647263},"size":5.600183010101318,"orthographic":false}